﻿<?xml version="1.0"?>
<doc>
<assembly>
<name>
typingvidha
</name>
</assembly>
<members>
<member name="P:typingvidha.My.Resources.Resources.ResourceManager">
	<summary>
  Returns the cached ResourceManager instance used by this class.
</summary>
</member><member name="P:typingvidha.My.Resources.Resources.Culture">
	<summary>
  Overrides the current thread's CurrentUICulture property for all
  resource lookups using this strongly typed resource class.
</summary>
</member><member name="P:typingvidha.My.Resources.Resources._10">
	<summary>
  Looks up a localized string similar to A young woman went to her mother and told her about her life and how things were so hard for her. She did not know how she was going to make it and wanted to give up. She was tired of fighting and struggling. It seemed that, as one problem was solved, a new one arose. Her mother took her to the kitchen. She filled three pots with water and placed each on a high fire. Soon the pots came to a boil. In the first, she placed carrots, in the second she placed eggs, and in the last she placed ground coffee beans. [rest of string was truncated]";.
</summary>
</member><member name="P:typingvidha.My.Resources.Resources._11">
	<summary>
  Looks up a localized string similar to A certain shopkeeper sent his son to learn about the secret of happiness from the wisest man in the world. The lad wandered through the desert for 40 days, and finally came upon a beautiful castle, high atop a mountain. It was there that the wise man lived. Rather than finding a saintly man, though, our hero, on entering the main room of the castle, saw a hive of activity: tradesmen came and went, people were conversing in the corners, a small orchestra was playing soft music, and there was a table covered  [rest of string was truncated]";.
</summary>
</member><member name="P:typingvidha.My.Resources.Resources._12">
	<summary>
  Looks up a localized string similar to There was once a very wise teacher, whose words of wisdom students would come from far and wide to hear. One day as usual, many students began to gather in the teaching room. They came in and sat down very quietly, looking to the front with keen anticipation, ready to hear what the teacher had to say. Eventually the teacher came in and sat down in front of the students. The room was so quiet you could hear a pin drop. On one side of the teacher was a large glass jar. On the other side was a pile of dark gre [rest of string was truncated]";.
</summary>
</member><member name="P:typingvidha.My.Resources.Resources._1alphabet_soup_A_M_">
	<summary>
  Looks up a localized string similar to saga ajar avail atlas anyway asthma antenna analyst actuators auxiliary characters mainframe azaleas appear as alfalfa as allan amazes with abracadabra. admirals aboard a naval armada accurately analyze averages..
</summary>
</member><member name="P:typingvidha.My.Resources.Resources._1keyboard_quaderents">
	<summary>
  Looks up a localized string similar to ddd eee ddd eee ded ded ddee ddee sss www sss www sws sws ssww ssww aaa qqq aaa qqq aqa aqa aaqq aaqq aaa sss ddd fff qqq www eee rrr tt qa qa ws ws ed ed er er ew ew we we wq wq q u qu qu qua qua que que e d ed ed w h wh wh w e we we dew.
</summary>
</member><member name="P:typingvidha.My.Resources.Resources._1The_Californians_Tale">
	<summary>
  Looks up a localized string similar to Two men, both seriously ill, occupied the same hospital room. One man was allowed to sit up in his bed for an hour each afternoon to help drain the fluid from his lungs. His bed was next to the room's only window. The other man had to spend all his time flat on his back. The men talked for hours on end. They spoke of their wives and families, their homes, their jobs, their involvement in the military service, where they had been on holiday. And every afternoon when the man in the bed by the window could sit [rest of string was truncated]";.
</summary>
</member><member name="P:typingvidha.My.Resources.Resources._1the_home_row_keys">
	<summary>
  Looks up a localized string similar to jjj fff jjj fff jjj fff jj ff jjf ffj jjf fjf jfj fff jjj jjj fff jjj fff jjj fff jj ff jjf ffj jjf fjf jfj fff jjj jjj fff jjj fff jjj fff jj ff jjf ffj jjf fjf jfj fff jjj jjj fff jjj fff jjj fff jj ff jjf ffj jjf fjf jfj fff jjj jjj fff jjj fff jjj fff jj ff jjf ffj jjf fjf jfj fff jjj jjj fff jjj fff jjj fff jj ff jjf ffj jjf fjf jfj fff jjj jjj fff jjj fff jjj fff jj ff jjf ffj jjf fjf jfj fff jjj jjj fff jjj fff jjj fff jj ff jjf ffj jjf fjf jfj fff jjj jjj fff jjj fff jjj fff jj ff jjf ffj jjf fjf jf [rest of string was truncated]";.
</summary>
</member><member name="P:typingvidha.My.Resources.Resources._2alphabet_soup_N_Z_">
	<summary>
  Looks up a localized string similar to noon noun ninth inane cannot dinner oneness none ninny scanner nonentity notation nonchalant nineteen of the news media nominated my winning nighthawks. a funny nonunion nanny sunned newborn nancy in the nursery..
</summary>
</member><member name="P:typingvidha.My.Resources.Resources._2skil_builder">
	<summary>
  Looks up a localized string similar to a aq aqa qaq j ju juj uju just aqua quest consult toughs sequence thoughtless staunch gunshots summer pounce afoul differentiated haircut heuristics flatulent publication humid puffiness underpins thousand scripture brought regurgitate calibrated contributions quell unresponsive concur accounting.
</summary>
</member><member name="P:typingvidha.My.Resources.Resources._2The_Childs_Story">
	<summary>
  Looks up a localized string similar to  Once upon a time, a young wife named Yun Ok was at her wit's end. Her husband had always been a tender and loving soulmate before he had left for the wars but, ever since he returned home, he was cross, angry, and unpredictable. She was almost afraid to live with her own husband. Only in glancing moments did she catch a shadow of the husband she used to know and love. When one ailment or another bothered people in her village, they would often rush for a cure to a hermit who lived deep in the mountains. No [rest of string was truncated]";.
</summary>
</member><member name="P:typingvidha.My.Resources.Resources._2the_top_row_keys">
	<summary>
  Looks up a localized string similar to rrr uuu rrr uuu rrr uuu rr uu rru rru rru uru rur uuu rrr uuu rrr uuu rrr uu rr uur uur uur rur uru rrr uuu rrr uuu rrr uuu rr uu rru rru rru uru rur uuu rrr uuu rrr uuu rrr uu rr uur uur uur rur uru.
</summary>
</member><member name="P:typingvidha.My.Resources.Resources._3Babes_in_the_Jungle">
	<summary>
  Looks up a localized string similar to A good Passover story should always involve cakes. Austrian baker Manfred Klaschka is the subject of this years story. He was in the news because of his most recent catalogue of cake designs; Klaschka is a pastry specialist. Of course, Austrian pastries are famous the world over. Now, pastry baker Manfred Klaschkas most recent catalogue of such tasty delights was in the news this week because it included cakes decorated with swastikas  as well as one with a baby raising its right arm in a Nazi salute. He [rest of string was truncated]";.
</summary>
</member><member name="P:typingvidha.My.Resources.Resources._3learn_to_burst_a_capital_letter">
	<summary>
  Looks up a localized string similar to aaa Aaa aaa Aaa aaa Aaa aaa Aaa aaa AAA aaa AAA sss Sss sss Sss sss Sss sss Sss sss SSS sss SSS ddd Ddd ddd Ddd ddd Ddd ddd Ddd ddd DDD ddd DDD fff Fff fff Fff fff Fff fff Fff fff FFF fff FFF.
</summary>
</member><member name="P:typingvidha.My.Resources.Resources._3symbol_and_advance_punctuation">
	<summary>
  Looks up a localized string similar to !!! @@@ !!! @@@ !!! @@@ !!! @@@ !!@ @@! !@! @!@ ### $$$ ### $$$ ### $$$ ### $$$ ##$ $$# #$# $#$ !@#$ $#@! !#@$ @$!# !!@@ ##$$ @@## !!$$ !@#$ $# !@#$ $#@! !#@$ @$!# !!@@ ##$$ @@## !!$$ !@#$ $#.
</summary>
</member><member name="P:typingvidha.My.Resources.Resources._3the_bottom_row_key">
	<summary>
  Looks up a localized string similar to vvv mmm vvv mmm vvv mmm vv mm vvm mmv vvm mvm vmv mmm vvv mmm vvv mmm vvv mm vv mmv vvm mmv vmv mvm vvv mmm vvv mmm vvv mmm vv mm vvm mmv vvm mvm vmv mmm vvv mmm vvv mmm vvv mm vv mmv vvm mmv vmv mvm.
</summary>
</member><member name="P:typingvidha.My.Resources.Resources._4accuracy_drills">
	<summary>
  Looks up a localized string similar to If you can do so, will you kindly let us know by return mail. If you can do so, will you kindly let us know by return mail. If you can do so, will you kindly let us know by return mail..
</summary>
</member><member name="P:typingvidha.My.Resources.Resources._4home_row_and_beyond">
	<summary>
  Looks up a localized string similar to asdef ;lkij asdef ;lkij asdef ;lkij asdef ;lkij asdef ;lkij asdef ;lkij asdef ;lkij asdef ;lkij asdef ;lkij asdef ;lkij asdef ;lkij asdef ;lkij asdef ;lkij asdef ;lkij asdef ;lkij asdef ;lkij.
</summary>
</member><member name="P:typingvidha.My.Resources.Resources._4learn_to_burst_capital_word">
	<summary>
  Looks up a localized string similar to even Even big Big such Such follow Follow act Act why Why ask Ask change Change went Went try Try again Again animal Animal world World build Build even Even big Big such Such follow Follow act Act.
</summary>
</member><member name="P:typingvidha.My.Resources.Resources._4The_Devil_in_the_Belfry">
	<summary>
  Looks up a localized string similar to An American businessman was standing at the pier of a small coastal Mexican village when a small boat with just one fisherman docked. Inside the small boat were several large yellowfin tuna. The American omplimented the Mexican on the quality of his fish. "How long did it take you to catch them?" the American asked."Only a little while" the Mexican replied. "Why don't you stay out longer and catch more fish?" the American then asked. "I have enough to support my family's immediate needs" the Mexican said. " [rest of string was truncated]";.
</summary>
</member><member name="P:typingvidha.My.Resources.Resources._5advance_wrap_up">
	<summary>
  Looks up a localized string similar to You say this survey is monotonous rather than glorious. You should hurry surely to Vancouver for some delicious yuletide fare. It seems only yesterday that I was conscious of being young and vigorous enough to fly my buoyant plane. If you lucky boys are victorious over any unusually furious, dangerous, or anxious double duty on this survey, write a quotable account yourself for the Journal..
</summary>
</member><member name="P:typingvidha.My.Resources.Resources._5basic_punctuation">
	<summary>
  Looks up a localized string similar to ''' /// ''' /// ''' /// ''' /// ''/ //' '/' /'/ /// ''' /// ''' /// ''' /// ''' //' ''/ /'/ '/' ''' /// ''' /// ''' /// ''' /// ''/ //' '/' /'/ /// ''' /// ''' /// ''' /// ''' //' ''/ /'/ '/'.
</summary>
</member><member name="P:typingvidha.My.Resources.Resources._5Romeo___Juliet_Act_1__Scene_1">
	<summary>
  Looks up a localized string similar to By good fortune, I was able to raft down the Motu River in New Zealand twice during the last year. The magnificent four-day journey traverses one of the last wilderness areas in the North Island. The first expedition was led by "Buzz", an American guide with a great deal of rafting experience and many stories to tell of mighty rivers such as the Colorado. With a leader like Buzz, there was no reason to fear any of the great rapids on the Motu. The first half day, in the gentle upper reaches, was spent devel [rest of string was truncated]";.
</summary>
</member><member name="P:typingvidha.My.Resources.Resources._5venturing_out">
	<summary>
  Looks up a localized string similar to deki frju dck, dcl. frju ftjy deki frju dck, dcl frju ftjy fgjh p jujy dedc lol kik, fgju frfk jujy deki frju dck, dcl. frju ftjy deki frju dck, dcl frju ftjy fgjh p jujy dedc lol kik, fgju frfk jujy.
</summary>
</member><member name="P:typingvidha.My.Resources.Resources._6">
	<summary>
  Looks up a localized string similar to A mouse looked through the crack in the wall to see the farmer and his wife open a package. "What food might this contain?" the mouse wondered. He was devastated to discover it was a mousetrap. Retreating to the farmyard, the mouse proclaimed the warning: "There is a mousetrap in the house! There is a mousetrap in the house!" The chicken clucked and scratched, raised her head and said "Mr.Mouse, I can tell this is a grave concern to you, but it is of no consequence to me. I cannot be bothered by it." The mo [rest of string was truncated]";.
</summary>
</member><member name="P:typingvidha.My.Resources.Resources._6easy_home__row_words">
	<summary>
  Looks up a localized string similar to add all alley aft agh ask afford ajar adapt arf ate art app arty awe aww apt arr aught apt award abs acct among aztec ant am avenue acorn axe ach add all alley aft agh ask afford ajar adapt arf ate art app arty awe aww apt arr aught apt award abs acct among aztec ant am avenue acorn axe ach.
</summary>
</member><member name="P:typingvidha.My.Resources.Resources._6most_common_english_word">
	<summary>
  Looks up a localized string similar to the of to and a in is it you that he was for on are with as I his they be at one have this from or had by hot but some what there we can out other were all your when up use word how said an.
</summary>
</member><member name="P:typingvidha.My.Resources.Resources._7">
	<summary>
  Looks up a localized string similar to At a fundraising dinner for an American school that serves learning disabled children,the father of one of the students delivered a speech that would never be forgotten by all who attended. After extolling the school and its dedicated staff, he offered a question: "When not interfered with by outside influences, everything nature does is done with perfection. Yet my son, Shay, cannot learn things as other children do. He cannot understand things as other children do. Where is the natural order of things in  [rest of string was truncated]";.
</summary>
</member><member name="P:typingvidha.My.Resources.Resources._7easy_top_row_words">
	<summary>
  Looks up a localized string similar to quartz question quail quart quiver queen quarter quadruplets quintuplets quilt quit quack quell qua quadev quest queminate quarrel quint quaint quab quartz question quail quart quiver queen quarter quadruplets quintuplets quilt quit quack quell qua.
</summary>
</member><member name="P:typingvidha.My.Resources.Resources._7numbers_letters_numbers">
	<summary>
  Looks up a localized string similar to aaa 111 aaa 111 aaa 111 aaa 111 aa1 11a a1a 1a1 sss 222 sss 222 sss 222 sss 222 ss2 22s s2s 2s2 a1 1a a1 1a a1 1a a1 1a a1 1a aa1 11a a1a 1a1 s2 2s s2 2s s2 2s s2 2s s2 2s ss2 22s s2s 2s2 12 21 12 21 12 21 12 21 12 21 112 221 121 212.
</summary>
</member><member name="P:typingvidha.My.Resources.Resources._8">
	<summary>
  Looks up a localized string similar to Young King Arthur was ambushed and imprisoned by the monarch of a neighboring kingdom. The monarch could have killed him but was moved by Arthur's youth and ideals. So, the monarch offered him his freedom, as long as he could answer a very difficult question. Arthur would have a year to figure out the answer and, if after a year, he still had no answer, he would be put to death. The question?....What do women really want? Such a question would perplex even the most knowledgeable man, and to young Arthur, it [rest of string was truncated]";.
</summary>
</member><member name="P:typingvidha.My.Resources.Resources._8easy_bottom_row_words">
	<summary>
  Looks up a localized string similar to zigzag zebra zero zucchini zipper zinnia zoo zithe zan zala zalad zajar zahag zaddy zamono zakk zah zomo zanby zachory zabba zamna zaxy zavvy zamn zigzag zebra zero zucchini zipper zinnia zoo zithe zan zala zalad zajar zahag zaddy zamono zakk zah.
</summary>
</member><member name="P:typingvidha.My.Resources.Resources._8speed_drills">
	<summary>
  Looks up a localized string similar to The quick brown fox jumped over the lazy dogs.The quick brown fox jumped over the lazy dogs. The quick brown fox jumped over the lazy dogs. The quick brown fox jumped over the lazy dogs..
</summary>
</member><member name="P:typingvidha.My.Resources.Resources._9">
	<summary>
  Looks up a localized string similar to In old times, fable retells the story of the young athletic boy hungry for success, for whom winning was everything and success was measured by such a result. One day, the boy was preparing himself for a running competition in his small native village, himself and two other young boys to compete. A large crowd had congregated to witness the sporting spectacle and a wise old man, upon hearing of the little boy, had travelled far to bear witness also. The race commenced, looking like a level heat at the finis [rest of string was truncated]";.
</summary>
</member><member name="P:typingvidha.My.Resources.Resources._9begineer_wrap_up">
	<summary>
  Looks up a localized string similar to jjj fff jjj fff jjj fff jj ff jjf ffj jjf fjf jfj ddd kkk ddd kkd ddd kkk dd kk ddk kkd ddk kdk dkd sss lll sss lll sss lll ss ll ssl lls ssl lsl sls aaa ;;; aaa ;;; aaa ;;; aaa ;;; aa ;; aa; ;;a a;a ggg hhh ggg hhh ggg hhh gg hh ggh hhg ggh hgh ghg.
</summary>
</member><member name="P:typingvidha.My.Resources.Resources._9intermediate_wrap_up">
	<summary>
  Looks up a localized string similar to Admirals aboard a naval armada accurately analyze averages. Blubbering robbers were blamable for bribery and barbarity. Precise accrual accounting concerns careful civic councils. Eddy is befuddled and disdainful of division and dividends..
</summary>
</member><member name="P:typingvidha.My.Resources.Resources.bich_ki_line_k_11">
	<summary>
  Looks up a localized string similar to g f d s a h j k l ; '  g f d s a h j k l ; ' g f d s a h j k l ; ' g f d s a h j k l ; ' g f d s a h j k l ; ' g f d s a h j k l ; ' g f d s a h j k l ; ' g f d s a h j k l ; ' g f d s a h j k l ; ' g f d s a h j k l ; ' g f d s a h j k l ; ' g f d s a h j k l ; ' g f d s a h j k l ; ' g f d s a h j k l ; ' g f d s a h j k l ; ' g f d s a h j k l ; ' g f d s a h j k l ; ' g f d s a h j k l ; ' g f d s a h j k l ; ' g f d s a h j k l ; ' g f d s a h j k l ; ' g f d s a h j k l ; ' g f d s a h j k l ; ' g f d [rest of string was truncated]";.
</summary>
</member><member name="P:typingvidha.My.Resources.Resources.bich_ki_line_k_8_aksher">
	<summary>
  Looks up a localized string similar to f d s a j k l ; f d s a j k l ; f d s a j k l ; f d s a j k l ; f d s a j k l ; f d s a j k l ; f d s a j k l ; f d s a j k l ; f d s a j k l ; f d s a j k l ; f d s a j k l ; f d s a j k l ; f d s a j k l ; f d s a j k l ; f d s a j k l ; f d s a j k l ; f d s a j k l ; f d s a j k l ; f d s a j k l ; f d s a j k l ; f d s a j k l ; f d s a j k l ; f d s a j k l ; f d s a j k l ; f d s a j k l ; f d s a j k l ; f d s a j k l ; f d s a j k l ; f d s a j k l ; f d s a j k l ; f d s a j k l ; f d s a j k l ;  [rest of string was truncated]";.
</summary>
</member><member name="P:typingvidha.My.Resources.Resources.bshift">
	<summary>
  Looks up a localized string similar to A S D F G H J K L : " A S D F G H J K L : " A S D F G H J K L : " A S D F G H J K L : " A S D F G H J K L : " A S D F G H J K L : " A S D F G H J K L : " A S D F G H J K L : " A S D F G H J K L : " A S D F G H J K L : " A S D F G H J K L : " A S D F G H J K L : " A S D F G H J K L : " A S D F G H J K L : " A S D F G H J K L : " A S D F G H J K L : " A S D F G H J K L : " A S D F G H J K L : " A S D F G H J K L : " A S D F G H J K L : " A S D F G H J K L : " A S D F G H J K L : " A S D F G H J K L : " A S D  [rest of string was truncated]";.
</summary>
</member><member name="P:typingvidha.My.Resources.Resources.ch1">
	<summary>
  Looks up a localized string similar to ,d vkneh dgha ls xqtj jgk Fkk] rHkh mlus lM+d ds fdukjs ca/ks gkfFk;ksa dks ns[kk] vkSj vpkud #d x;k- mlus ns[kk fd gkfFk;ksa ds vxys iSj esa ,d jLlh ca/kh gqbZ gS] mls bl ckr dk cM+k vpjt gqvk dh gkFkh tSls fo'kkydk; tho yksgs dh tathjksa dh txg cl ,d NksVh lh jLlh ls ca/ks gq, gSa!!! ;s Li"B Fkk fd gkFkh tc pkgrs rc vius ca/ku rksM+ dj dgha Hkh tk ldrs Fks] ij fdlh otg ls oks ,slk ugha dj jgs FksA mlus ikl [kM+s egkor ls iwNk fd Hkyk ;s gkFkh fdl çdkj bruh 'kkafr ls [kM+s gSa vkSj Hkkxus dk ç;kl ugh dj jg [rest of string was truncated]";.
</summary>
</member><member name="P:typingvidha.My.Resources.Resources.ch10">
	<summary>
  Looks up a localized string similar to ,d ckj ,d vkneh dks vius cxhps esa Vgyrs gq, fdlh Vguh ls yVdrk gqvk ,d frryh dk dksdwu fn[kkbZ iM+kA vc gj jkst oks vkneh mls ns[kus yxk] vkSj ,d fnu mlus ns[kk fd ml dksdwu esa ,d NksVk lk Nsn cu x;k gSA ml fnu oks ogha cSB x;k vkSj ?kaVks mls ns[krk jgkA mlus ns[kk dh frryh ml [kksy ls ckgj fudyus dh cgqr dksf'k'k dj jgh gS] ij cgqr nsj rd ç;kl djus ds ckn Hkh oks ml Nsn ls ugha fudy ik;h] vkSj fQj oks fcydqy 'kkar gks x;h ekuks mlus gkj eku yh gksA blfy, ml vkneh us fu'p; fd;k fd oks ml frryh dh enn djs [rest of string was truncated]";.
</summary>
</member><member name="P:typingvidha.My.Resources.Resources.ch11">
	<summary>
  Looks up a localized string similar to ,d fgUnw lU;klh vius f'k";ksa ds lkFk xaxk unh ds rV ij ugkus igqapkA ogka ,d gh ifjokj ds dqN yksx vpkud vkil esa ckr djrs&amp;djrs ,d nwljs ij Øksf/kr gks mBs vkSj tksj&amp;tksj ls fpYykus yxsA la;klh ;g ns[k rqjar iyVk vkSj vius f'k";ksa ls iqNk ßØks/k esa yksx ,d nwljs ij fpYykrs D;ksa gSa \* f'k"; dqN nsj lksprs jgs] ,d us mÙkj fn;k] ßD;ksafd ge Øks/k esa 'kkafr [kks nsrs gSa blfy, !ß ßij tc nwljk O;fä gekjs lkeus gh [kM+k gS rks Hkyk ml ij fpYykus dh D;k t#jr gS] tks dguk gS oks vki /kheh vkokt esa Hkh rks dg [rest of string was truncated]";.
</summary>
</member><member name="P:typingvidha.My.Resources.Resources.ch12">
	<summary>
  Looks up a localized string similar to ,d ckj ,d uo;qod fdlh tsu ekLVj ds ikl igqapkA ÞekLVj] eSa viuh ftUnxh ls cgqr ijs'kku gw¡] —i;k bl ijs'kkuh ls fudyus dk mik; crk,a !ß ] ;qod cksykA ekLVj cksys] Þikuh ds Xykl esa ,d eqëh ued Mkyks vkSj mls ih;ksAß ;qod us ,slk gh fd;kA Þbldk Lokn dSlk yxk \ß] ekLVj us iqNkA Þcgqr gh [kjkc ,dne [kkjkA ß;qod Fkwdrs gq, cksykA ekLVj eqLdqjkrs gq, cksys ] Þ,d ckj fQj vius gkFk esa ,d eqëh ued ysyks vkSj esjs ihNs&amp;ihNs vkvksAÞ nksuksa /khjs&amp;/khjs vkxs c&lt;+us yxs vkSj FkksM+h nwj tkdj LoPN ikuh ls Hkjh ,d &gt;hy ds [rest of string was truncated]";.
</summary>
</member><member name="P:typingvidha.My.Resources.Resources.ch13">
	<summary>
  Looks up a localized string similar to Mr Singh, who has served as Chief Minister of Punjab, told NDTV that while other Congress leaders may be linked to the riots, Jagdish Tytler of the Congress played no role in fueling the violence that left over 3000 Sikhs dead. "I'm not the CBI, I'm not the court. I'm telling you what  I saw and felt I was in Delhi, I went to all the amps and everyone I met took all these names that I have told you except Jagdish Tytler. When did Jagdish Tytler's name come up? It came up when he was fighting Madan Lal Khura [rest of string was truncated]";.
</summary>
</member><member name="P:typingvidha.My.Resources.Resources.ch14">
	<summary>
  Looks up a localized string similar to Sonia Gandhi's son-in-law Robert Vadra coming under daily attack from Narendra Modi over his controversial land deals, senior Congress leader Digvijaya Singh has challenged the BJP to file a police case. Mr Singh's dare followed senior BJP leader Arun Jaitley's statement to NDTV last week that Mr Vadra was a symbol of misuse of power in 10 years of Congress rule. "Mr Arun Jaitley is a very smart lawyer. If Robert Vadra has violated the law, what has stopped the BJP and him from filing an FIR (First Informat [rest of string was truncated]";.
</summary>
</member><member name="P:typingvidha.My.Resources.Resources.ch15">
	<summary>
  Looks up a localized string similar to The captain, Lee Jun-seok, 69, has yet to explain publicly why he abandoned the ship with people aboard - an apparent violation of maritime protocol, if not the law - as it sunk beneath the waves. But a portrait of the ship's last voyage is emerging from crew members, survivors and a transcript of the vessel's final 40 minutes of communications with emergency dispatchers on shore. It is a scene of rapidly building chaos in which the captain and his crew faced a series of tough choices, questionable decision [rest of string was truncated]";.
</summary>
</member><member name="P:typingvidha.My.Resources.Resources.ch16">
	<summary>
  Looks up a localized string similar to Noemi Alvarez Quillay took the first steps of the 6,500-mile journey to New York City from the southern highlands of Ecuador on Tuesday, Feb. 4, after darkness fell. A bashful, studious girl, Noemi walked 10 minutes across dirt roads that cut through corn and potato fields, reaching the highway to Quito. She carried a small suitcase. Her grandfather Cipriano Quillay flagged down a bus and watched her board. She was 12. From that moment, and through the remaining five weeks of her life, Noemi was in the comp [rest of string was truncated]";.
</summary>
</member><member name="P:typingvidha.My.Resources.Resources.ch17">
	<summary>
  Looks up a localized string similar to Two of the ladders used to bridge deep crevasses had broken, perhaps under the weight of ice that had fallen the previous night, and the Sherpas were backed up, carrying heavy loads of equipment for their clients. Kaji Sherpa, 39, took a wary look at the jam and sped ahead, so he was some distance away when the avalanche came. "A cliff of snow, like a house, came directly toward us, and many were killed at the same time," he said from his hospital bed in Katmandu, Nepal, where he was being treated for broke [rest of string was truncated]";.
</summary>
</member><member name="P:typingvidha.My.Resources.Resources.ch18">
	<summary>
  Looks up a localized string similar to Mr Modi, who opinion polls project as set to take over as India's next prime minister post the ongoing general elections, had polled 'NO' votes close to six, on a scale of one to 10. Bieber had polled fewer negative votes. Bieber in fact polled more YES votes than Mr Modi. The person topping the list was US actress Katy Perry, followed by Aam Aadmi Party (AAP) leader Arvind Kejriwal who had as many YES votes as her and fewer NOs. Mr Modi was at ninth spot, below popular singer Beyonce Knowles and actor Bene [rest of string was truncated]";.
</summary>
</member><member name="P:typingvidha.My.Resources.Resources.ch19">
	<summary>
  Looks up a localized string similar to Jayalalithaa Jayaram and Narendra Modi were reputed to be good friends, with the Tamil Nadu chief minister attending Modi's swearing-in ceremony after the Gujarat election of December 2012. There was a belief the AIADMK would not think twice before joining the NDA, should the BJP emerge as the single-largest party in the 16th Lok Sabha election. What then explains the war of words between the two senior politicians? The issue can be understood in two contexts - economic and political. In this election campa [rest of string was truncated]";.
</summary>
</member><member name="P:typingvidha.My.Resources.Resources.ch2">
	<summary>
  Looks up a localized string similar to cgqr le; igys dh ckr gS ] fdlh xkoa esa 6 va/ks vkneh jgrs Fks- ,d fnu xk¡o okyksa us mUgsa crk;k ] ß vjs ] vkt xko¡ esa gkFkh vk;k gS-ß  mUgksaus vkt rd cl gkfFk;ksa ds ckjs esa lquk Fkk ij dHkh Nw dj eglwl ugha fd;k Fkk- mUgksaus us fu'p;fd;k] ß Hkys gh ge gkFkh dks ns[k ugha ldrs] ij vkt ge lc py dj mls eglwl rks dj ldrs gSa uk\ß vkSj fQj oks lc ml txg dh rjQ c&lt;+ pys tgk¡ gkFkh vk;k gqvk Fkk- lHkh us gkFkh dks Nwuk 'kq: fd;k- ß eSa le&gt; x;k] gkFkh ,d [kEHks dh rjg gksrk gSß]  igys O;fä us gkFkh dk iSj Nwr [rest of string was truncated]";.
</summary>
</member><member name="P:typingvidha.My.Resources.Resources.ch20">
	<summary>
  Looks up a localized string similar to From being a Congress MLA from Chandragiri in Andhra Pradesh to being a pillar of anti-Congressism in India, Nara Chandrababu Naidu, 64, has travelled a long way. The head of the Telugu Desam Party, or TDP, who has just stitched an alliance with Narendra Modi's BJP, exactly 10 years after dumping it, has now emerged as a key player in Andhra Pradesh. In the residual region of Seemandhra, the TDP-BJP alliance has, according to the latest NDTV opinion poll, leapfrogged YS Jaganmohan Reddy's YSR Congress to ba [rest of string was truncated]";.
</summary>
</member><member name="P:typingvidha.My.Resources.Resources.ch21">
	<summary>
  Looks up a localized string similar to Anthem for the general elections 2014 released by the BJP recently says it all in verse and song and in just over a minute. For the BJP, this election is about Narendra Modi, the man it has nominated for prime minister. In the anthem video, Mr Modi recites lines penned by popular Bollywood lyricist Prasoon Joshi, as a song plays pledging that he will "save the country." It ends with a vote appeal. Opinion polls and surveys give the Modi-led BJP an edge in this year's general elections. If Mr Modi does becom [rest of string was truncated]";.
</summary>
</member><member name="P:typingvidha.My.Resources.Resources.ch22">
	<summary>
  Looks up a localized string similar to One of India's most capricious politicians, Mamata Banerjee, could be key to the country's future government. The 59-year-old is predicted to win enough seats to count in a scenario where no political party wins a clear majority. In the past two years, the West Bengal chief minister has been in the news more for controversial moves like ascribing political motives to a spate of rape cases; the arrest of a protesting scientist or a college professor who shared a cartoon that made fun of her; for enforcing a  [rest of string was truncated]";.
</summary>
</member><member name="P:typingvidha.My.Resources.Resources.ch23">
	<summary>
  Looks up a localized string similar to But Western experts who have followed the success of Russian forces in carrying out President Vladimir V. Putin's policy in Crimea and eastern Ukraine have come to a different conclusion about Russian military strategy. They see a military disparaged for its decline since the fall of the Soviet Union skillfully employing 21st century tactics that combine cyberwarfare, an energetic information campaign and the use of highly trained special operation troops to seize the initiative from the West. "It is a sign [rest of string was truncated]";.
</summary>
</member><member name="P:typingvidha.My.Resources.Resources.ch24">
	<summary>
  Looks up a localized string similar to "Those three hours we were in midair before returning to Kuala Lumpur were scary and everyone was anxious about their fate. Some were praying, while others were comforting one another," recalled Swathi, a woman passenger onboard the MH192 Boeing aircraft, at the Bangalore international airport on Monday evening. The scheduled flight from Kaula Lumpur was to arrive in Bangalore at 2 am on Monday. Swathi, a doctor in the city, said she heard a loud sound like a tyre burst when the plane took off with 159 pass [rest of string was truncated]";.
</summary>
</member><member name="P:typingvidha.My.Resources.Resources.ch3">
	<summary>
  Looks up a localized string similar to ,d vehj vkneh vius csVs dh fdlh cqjh vknr ls cgqr ijs'kku FkkA og tc Hkh csVs ls vknr NksM+us dks dgrs rks ,d gh tokc feyrk] ß vHkh eSa bruk NksVk gw¡ /khjs&amp;/khjs ;s vknr NksM+ nwaxk !ß ij og dHkh Hkh vknr NksM+us dk ç;kl ugha djrk mUgh fnuksa ,d egkRek xk¡o esa i/kkjs gq, Fks] tc vkneh dks mudh [;kfr ds ckjs esa irk pyk rks og rqjar muds ikl igq¡pk vkSj viuh leL;k crkus yxk egkRek th us mldh ckr lquh vkSj dgk] ß Bhd gS ] vki vius csVs dks dy lqcg ckxhps esa ysdj vkb;s] ogha eSa vkidks mik; crkÅaxkÞ vxys fn [rest of string was truncated]";.
</summary>
</member><member name="P:typingvidha.My.Resources.Resources.ch4">
	<summary>
  Looks up a localized string similar to ,d ckj dh ckr gS fd ,d ckt dk vaMk eqxhZ ds v.Mksa ds chp vk x;kA  dqN fnuksa ckn mu v.Mksa esa ls pwts fudys] ckt dk cPpk Hkh mues ls ,d FkkA oks mUgh ds chp cM+k gksus yxkA oks ogh djrk tks ckdh pwts djrs] feVVh esa b/kj&amp;m/kj [ksyrk] nkuk pqxrk vkSj fnu Hkj mUgh dh rjg pw¡&amp;pw¡ djrkA ckdh pwtksa dh rjg oks Hkh cl FkksMk lk gh Åij mM+ ikrk] vkSj ia[k QM+&amp;QMkrs gq, uhps vk tkrkA fQj ,d fnu mlus ,d ckt dks [kqys vkdk'k esa mM+rs gq, ns[kk] ckt cM+s 'kku ls cs/kM+d mM+ jgk FkkA rc mlus ckdh pwtksa ls iwNk] fd&amp; [rest of string was truncated]";.
</summary>
</member><member name="P:typingvidha.My.Resources.Resources.ch5">
	<summary>
  Looks up a localized string similar to cgqr le; igys dh ckr gS ,d ljksoj esa cgqr lkjs esa&lt;d jgrs FksA ljksoj ds chpksa&amp;chp ,d cgqr iqjkuk /kkrq dk [kEHkk Hkh yxk gqvk Fkk ftls ml ljksoj dks cuokus okys jktk us yxok;k FkkA [kEHkk dkQh Å¡pk Fkk vkSj mldh lrg Hkh fcydqy fpduh FkhA ,d fnu esa&lt;dksa ds fnekx esa vk;k fd D;ksa uk ,d jsl djokbZ tk,A jsl esa Hkkx ysus okyh çfr;ksxh;ks dks [kEHks ij p&lt;+uk gksxk] vkSj tks lcls igys ,d Åij igqp tk,xk ogh fotsrk ekuk tk,xkA jsl dk fnu vk iagqpk] pkjks rjQ cgqr HkhM+ Fkh vkl &amp;ikl ds bykdksa ls Hkh dbZ esa&lt;d  [rest of string was truncated]";.
</summary>
</member><member name="P:typingvidha.My.Resources.Resources.ch6">
	<summary>
  Looks up a localized string similar to ,d vkneh ges'kk dh rjg vius ukbZ dh nwdku ij cky dVokus x;kA cky dVkrs od~r vDlj ns'k&amp;nqfu;k dh ckrsa gqvk djrh FkhA vkt Hkh os flusek] jktuhfr] vkSj [ksy txr] bR;kfn ds ckjs esa ckr dj jgs Fks fd vpkud Hkxoku~ ds vfLrRo dks ysdj ckr gksus yxhA ukbZ us dgk ] Þnsf[k;s HkS;k] vkidh rjg eSa Hkxoku~ ds vfLrRo esa ;dhu ugha j[krkAß Þrqe ,slk D;ksa dgrs gks \ß] vkneh us iwNkA Þvjs ] ;s le&gt;uk cgqr vklku gS ] cl xyh esa tkb, vkSj vki le&gt; tk;saxs fd Hkxoku~ ugha gSA vki gh crkb, fd vxj Hkxoku~ gksrs rks D;k brus yks [rest of string was truncated]";.
</summary>
</member><member name="P:typingvidha.My.Resources.Resources.ch7">
	<summary>
  Looks up a localized string similar to ,d le; dh ckr gS] ,d cPps dk tUe gksus okyk FkkA tUe ls dqN {k.k igys mlus Hkxoku~ ls iwNk ßeSa bruk NksVk gw¡] [kqn ls dqN dj Hkh ugha ikrk] Hkyk /kjrh ij eSa dSls jgw¡xk] —i;k eq&gt;s vius ikl gh jgus nhft;s] eSa dgha ugha tkuk pkgrkAß Hkxoku~ cksys] ß esjs ikl cgqr ls Qfj'rs gSa] mUgh esa ls ,d eSaus rqEgkjs fy, pqu fy;k gS] oks rqEgkjk [k;ky j[ksxkAÞ Þij vki eq&gt;s crkb,] ;gk¡ LoxZ esa eSa dqN ugha djrk cl xkrk vkSj eqLdqjkrk gw¡] esjs fy, [kq'k jgus ds fy, bruk gh cgqr gSAß ßrqEgkjk Qfj'rk rqEgkjs fy, xk;sx [rest of string was truncated]";.
</summary>
</member><member name="P:typingvidha.My.Resources.Resources.ch8">
	<summary>
  Looks up a localized string similar to ,d fnu ,d vkneh VSDlh ls ,vjiksVZ tk jgk FkkA VSDlh okyk dqN xquxqukrs gq, cM+s bRehuku ls xkM+h pyk jgk Fkk fd vpkud ,d nwljh dkj ikfdaZx ls fudy dj jksM ij vk x;h] VSDlh okys us rsth ls czsd yxk;h] xkM+h fQlyus yxh vkSj cl ,d&amp;vk/k bap ls lkeus okyh dkj ls yM+rs&amp;yM+rs cphA vkneh us lkspk fd VSDlh okyk dkj okys dks Hkyk&amp;cqjk dgsxk ysfdu blds myV lkeus okyk gh ihNs eqM+ dj mls  xfy;ka nsus yxkA blij VSDlh okyk ukjkt gksus dh ctk;s mldh rjQ gkFk fgykrs gq, eqLdqjkus yxk] vkSj /khjs&amp;/khjs vkxs c&lt;+ x;kA vkneh u [rest of string was truncated]";.
</summary>
</member><member name="P:typingvidha.My.Resources.Resources.ch9">
	<summary>
  Looks up a localized string similar to 'kgj dh esu ekdsZV esa ,d xjkt FkkA ftls vCnqy uke dk eSdsfud pykrk FkkA oSls rks vCnqy ,d vPNk vkneh Fkk ysfdu mlds vUnj ,d deh Fkh] oks vius dke dks cM+k vkSj nwljksa ds dke dks NksVk le&gt;rk FkkA ,d ckj ,d gkVZ ltZu viuh yDtjh dkj ysdj mlds ;gk¡ lfoZflax djkus igqapsA ckrksa&amp;ckrksa esa tc vCnqy dks irk pyk dh dLVej ,d gkVZ ltZu gS rks mlus rqjUr iwNk] ÞM‚DVj lkgc eSa ;s lksp jgk Fkk dh ge nksuksa ds dke ,d tSls gSa ! ß Þ,d tSls ! oks dSls \ß ] ltZu us FkksMk vpjt ls iwNkA Þnsf[k;s tukc] ßvCnqy dkj ds dkSfE [rest of string was truncated]";.
</summary>
</member><member name="P:typingvidha.My.Resources.Resources.h12">
	<summary>
  Looks up a localized string similar to yhfc;k ds fycfyl 'kgj ds ,d çeq[k vLirky esa vyxvyx okMksaZ esa ejhtksa dks eq[; MkDVj ds vkus dk bartkj FkkA ulZ] daikmaMj vkfn csapksa ij 'kkafr ls cSBs Fks ysfdu yacs dn dk ,d vkneh yack pksxk igus] pgydneh djrk gqvk çR;sd LFkku vkSj oLrq dk xgjkbZ ls fujh{k.k dj jgk Fkk] rHkh viuh vksj vkrs c?s MkDVj dks ns[k dj og O;fä fBBdkA MkDVj us iwNk] ",s feLVj] dkSu gks rqe\ ;gka D;k dj jgs gks\" og O;fä cksyk] "MkDVj] esjs firk cgqr chekj gSA" bl ij MkDVj cksyk] "chekj gSa rks mUgsa ;gka Hkjrh djkvksA" "og cgqr [rest of string was truncated]";.
</summary>
</member><member name="P:typingvidha.My.Resources.Resources.hi1">
	<summary>
  Looks up a localized string similar to ,d ckj ,d Hkyk vkneh unh fdukjs cSBk FkkA rHkh mlus ns[kk ,d fcPNw ikuh esa fxj x;k gSA Hkys vkneh us tYnh ls fcPNw dks gkFk esa mBk fy;kA fcPNw us ml Hkys vkneh dks Mad ekj fn;kA cspkjs Hkys vkneh dk gkFk dk¡ik vkSj fcPNw ikuh esa fxj x;kA Hkys vkneh us fcPNw dks Mwcus ls cpkus ds fy, nqckjk mBk fy;kA fcPNw us nqckjk ml Hkys vkneh dks Mad ekj fn;kA Hkys vkneh dk gkFk nqckjk dk¡ik vkSj fcPNw ikuh esa fxj x;kA Hkys vkneh us fcPNw dks Mwcus ls cpkus ds fy, ,d ckj fQj mBk fy;kA ogk¡ ,d yM+dk ml vkneh dk ckj&amp;ck [rest of string was truncated]";.
</summary>
</member><member name="P:typingvidha.My.Resources.Resources.hi10">
	<summary>
  Looks up a localized string similar to ,d ;qod tks fd laxhr esa fuiq.krk çkIr djus dh bPNk j[krk Fkk vius {ks= ds lcls egku laxhrkpk;Z ds ikl igq¡pk vkSj muls cksyk] ''vki laxhr ds egku vkpk;Z gSa vkSj laxhr esa fuiq.krk çkIr djus esa esjh xgjh #fp gSA blfy, vki ls fuosnu gS fd vki eq&gt;s laxhr dh f'k{kk çnku djus dh —ik djsaA'' laxhrkpk;Z us dgk fd tc rqEgkjh bruh mRdV bPNk gS eq&gt;ls laxhr lh[kus dh rks vk tkvks] fl[kk nw¡xkA vc ;qod us vkpk;Z ls iwNk fd bl dk;Z ds cnys mls D;k lsok djuh gksxhA vkpk;Z us dgk fd dksbZ [kkl ugha ek= lkS Lo.kZ eqæk,¡ [rest of string was truncated]";.
</summary>
</member><member name="P:typingvidha.My.Resources.Resources.hi11">
	<summary>
  Looks up a localized string similar to cky xaxk/kj fryd Hkkjr ds Lora=rk laxzke ds vxz.kh Fks ij lkFk gh lkFk os vf}rh; dhrZudkj] rRofpard] xf.krK] /keZ çorZd vkSj nk'kZfud Hkh FksA fganqLrku esa jktdh; vlarks"k epkus okys bl djkjh vkSj fuxzgh egkiq#"k dks vaxzst ljdkj us eaMkys ds dkjkx`g esa Ng lky ds fy, Hkst fn;kA ;gha ls muds rRo fparu dk çkjaHk gqvkA nq[k vkSj ;kruk lgrs&amp;lgrs 'kjhj dks O;kf/k;ksa us ?ksj fy;k FkkA ,sls esa gh mUgsa vius iRuh ds e`R;q dh [kcj feyhA mUgksaus vius ?kj ,d [kr fy[kk &amp; "vkidk rkj feykA eu dks /kDdk rks t:j yxk g [rest of string was truncated]";.
</summary>
</member><member name="P:typingvidha.My.Resources.Resources.hi2">
	<summary>
  Looks up a localized string similar to ,d ewfrZdkj mPpdksfV dh ,slh ltho ewfrZ;k¡ cukrk Fkk] tks ltho yxrh FkhaA ysfdu ml ewfrZdkj dks viuh dyk ij cM+k ?keaM FkkA mls tc yxk fd tYnh gh mld e`R;q gksus okyh gS rks og ijs'kkuh esa iM+ x;kA ;enwrksa dks Hkzfer djus ds fy;s mlus ,dne vius tSlh nl ewfrZ;k¡ mlus cuk Mkyha vkSj ;kstukuqlkj mu cukbZ xbZewfrZ;ksa ds chp es og Lo;a tkdj cSB x;kA ;enwr tc mls ysus vk, rks ,d tSlh X;kjg vk—fr;k¡ ns[kdj LrfEHkr jg x,A buesa ls okLrfod euq"; dkSu gS&amp; ugha igpku ik,A os lkspus yxs] vc D;k fd;k tk,A ewfrZdkj ds [rest of string was truncated]";.
</summary>
</member><member name="P:typingvidha.My.Resources.Resources.hi3">
	<summary>
  Looks up a localized string similar to thou esa tc lc dqN ,d lkFk vkSj tYnh&amp;tYnh djus dh bPNk gksrh gS] lc dqN rsth ls ik ysus dh bPNk gksrh gS] vkSj gesa yxus yxrk gS fd fnu ds pkSchl ?kaVs Hkh de iM+rs gSa] ml le; ;s cks/k dFkk] dk¡p dh cjuh vkSj nks di pk; gesa ;kn vkrh gSA n'kZu'kkL= ds ,d çksQslj d{kk esa vk;s vkSj mUgksaus Nk=ksa ls dgk fd os vkt thou dk ,d egRoiw.kZ ikB i&lt;kus okys gSa---mUgksaus vius lkFk ykbZ ,d dk¡p dh cM+h cjuh Vscy ij j[kk vkSj mlesa Vscy Vsful dh xsansa Mkyus yxs vkSj rc rd Mkyrs jgs tc rd fd mlesa ,d Hkh xsan lekus  [rest of string was truncated]";.
</summary>
</member><member name="P:typingvidha.My.Resources.Resources.hi4">
	<summary>
  Looks up a localized string similar to Qf?Ye txr ds tkus&amp;ekus dykdkj cyjkt lkguh viuh fo[;kr Qf?Ye "nks ch?kk tehu" rS;kj dj jgs FksA mlesa mudh Hkwfedk ,d fjD'kk pkyd dh FkhA og Bgjs i&lt;+s&amp;fy[ks 'kgjh] fjD'kk&amp;pkyd gksrk gS] csi&lt;+k nsgkrhA og lkspus yxs fd mudh Hkwfedk dgha n'kZdksa dks cukoVh u yxsA vr: mUgksaus mldh ijh{kk djus dk ,d vuks[kk &lt;ax fudkykA mUgksaus fjD'kk&amp;pkyd ds diM+s igus vkSj b/kj&amp;m/kj ?kwers gq, ,d iku okys dh nqdku ij igq¡psA FkksM+h nsj rd ,d vksj dks pqipki [kM+s jgus ds ckn mUgksaus iuokM+h ls nsgkrh Hkko&amp;Hkafxek esa dgk]  [rest of string was truncated]";.
</summary>
</member><member name="P:typingvidha.My.Resources.Resources.hi5">
	<summary>
  Looks up a localized string similar to fHk{kk ys dj ykSVrs gq, ,d f'k{kkFkhZ us ekxZ esa eqxsZ vkSj dcwrj dh ckrphr lquhA dcwrj eqxsZ ls cksyk&amp; Þesjk Hkh D;k HkkX; gS\ Hkkstu u feys] rks eSa dadj [kk dj Hkh isV Hkj ysrk gw¡A dgha Hkh lhad] ?kkl vkfn ls ?kksalyk cuk dj jg ysrk gw¡A ek;k eksg Hkh ugha] cPps cM+s gksrs gh m? tkrs gSaA irk ugha bZ'oj us D;ksa gesa bruk detksj cuk;k gS\ ftls ns[kks og gekjk f'kdkj djus ij rqyk jgrk gSA id? dj fiatjs esa dSn dj ysrk gSA vkdk'k esa jgus dks txg gksrh rks eSa dHkh i`Foh ij dHkh ugha vkrkA" eqxsZ us Hkh  [rest of string was truncated]";.
</summary>
</member><member name="P:typingvidha.My.Resources.Resources.hi6">
	<summary>
  Looks up a localized string similar to ,d fnu eqacbZ ds yksdy Vªsu esa lQj dj jgh FkhA nksigj dk le; Fkk blfy, T;knk HkhM+ ugha Fkh] lks cSBus ds fy, txg Hkh fey xbZA lkeus okys csap ij ,d cgqr gh cqïh vkSjr cSBh FkhA lkjk cnu &gt;qfjZ;ksa ls Hkjk] fcuk nk¡r dk eq¡g Hkh xksy&amp;xksy] lQsn ckyksa dk lqikjh ftruk twM+k] vkSj gkFk esa ,d FkSyk Fkk ftlesa fpIl] uedhu] dqN feBkb;ksa ds iSdsVA 'kk;n vius ukrh&amp;iksrksa ds fy, ;s lc phtsa ys tk jgh gSa nknh th--- lkspdj ;s ckr cM+h etsnkj yxhA ,d nks LVs'ku tkus ds ckn oks nknh mBh] gkFk&amp;iSj FkjFkj dk¡i jgs Fk [rest of string was truncated]";.
</summary>
</member><member name="P:typingvidha.My.Resources.Resources.hi7">
	<summary>
  Looks up a localized string similar to cgqr le; igys dh ckr gS tc l`f"V dh 'kq#vkr gh gqbZ FkhA fnu vkSj jkr uke ds nks çseh FksA nksuksa esa [kwc xgjh iVrh ij nksuksa dk LoHkko fcYdqy gh vyx&amp;vyx FkkA jkr lkSan;Z&amp;fç; vkSj vkjke&amp;ilan Fkh rks fnu deZB vkSj O;kogkfjd] jkr dks T;knk dke djus ls l[k~r uQjr Fkh vkSj fnu dke djrs u Fkdrk FkkA jkr vkjke djuk] ltuk&amp;l¡ojuk ilan djrh Fkh rks fnu gjne nkSM+rs Hkkxrs jgukA jkr vkjke ls /khjs&amp;/khjs cknyksa dh yVksa dks dHkh eq¡g ij ls gVkrh rks dHkh okil mUgsa fQj ls vius psgjs ij Mky ysrhA dHkh vkleku ds lkj [rest of string was truncated]";.
</summary>
</member><member name="P:typingvidha.My.Resources.Resources.hi8">
	<summary>
  Looks up a localized string similar to ,d ckj dh ckr gS] nhikoyh dh 'kke Fkh] eSa fn;s ltk gh jgk Fkk fd ,d vksj ls nhiksa ds ckr djus dh vkokt lqukbZ nhA eSaus /;ku yxk dj lqukA pkj nhid vkil esa ckr dj jgs FksA dqN viuh lquk jgs Fks dqN nwljksa dh lqu jgs FksA igyk nhid cksyk] 'eSa ges'kk cM+k cuuk pkgrk Fkk] lqanj] vkd"kZd vkSj fpduk ?kM+k cuuk pkgrk Fkk ij D;k d:¡ tjk&amp;lk fn;k cu x;kA' nwljk nhid cksyk] 'eSa Hkh vPNh HkO; ewfrZ cu dj fdlh vehj ds ?kj tkuk pkgrk FkkA muds lqanj] lqlfTtr vkyh'kku ?kj dh 'kksHkk c&lt;+kuk pkgrk FkkA ij D;k d:¡ eq&gt;s [rest of string was truncated]";.
</summary>
</member><member name="P:typingvidha.My.Resources.Resources.hi9">
	<summary>
  Looks up a localized string similar to cgqr fnuksa dh ckr gS fgekpy çns'k ds igkM+h xk¡o esa ,d cw&lt;k jgrk Fkk] tks egkew[kZ ds uke ls pfpZr FkkA mlds ?kj ds lkeus nks cM+s igkM+ Fks] ftlls vkus tkus esa vlqfo/kk gksrh FkhA igkM+ ds nwljh vksj igq¡pus esa dbZ fnu yx tkrsA ,d fnu mlus vius nksuks csVksa dks cqyk;k vkSj muds gkFkksa esa QkoM+k Fkekdj –&lt;+rk ls nksuks igkM+ksa dks dkV dj muds chp jkLrk cukuk 'kq: dj fn;kA ;g ns[kdj dlcs ds yksxksa ua etkd mM+kuk 'kq: dj fn;k&amp; rqe lpeqp egkew[kZ gksA brus cM+s cM+s igkM+ksa dks dkVdj jkLrk cukuk rqe c [rest of string was truncated]";.
</summary>
</member><member name="P:typingvidha.My.Resources.Resources.hindi">
	<summary>
  Looks up a localized string similar to .
</summary>
</member><member name="P:typingvidha.My.Resources.Resources.niche_ki_line_k_11">
	<summary>
  Looks up a localized string similar to b v c x z n m , . /  b v c x z n m , . / b v c x z n m , . / b v c x z n m , . / b v c x z n m , . / b v c x z n m , . / b v c x z n m , . / b v c x z n m , . / b v c x z n m , . / b v c x z n m , . / b v c x z n m , . / b v c x z n m , . / b v c x z n m , . / b v c x z n m , . / b v c x z n m , . / b v c x z n m , . / b v c x z n m , . / b v c x z n m , . / b v c x z n m , . / b v c x z n m , . / b v c x z n m , . / b v c x z n m , . / b v c x z n m , . / b v c x z n m , . / b v c x z n m , . / b v c x z n [rest of string was truncated]";.
</summary>
</member><member name="P:typingvidha.My.Resources.Resources.niche_ki_line_k_8_aksher">
	<summary>
  Looks up a localized string similar to x zcv /.,m zxcv /.,m zxcv /.,m zxcv /.,m zxcv /.,m zxcv /.,m zxcv /.,m zxcv /.,m zxcv /.,m zxcv /.,m zxcv /.,m zxcv /.,m zxcv /.,m zxcv /.,m zxcv /.,m zxcv /.,m zxcv /.,m zxcv /.,m zxcv /.,m zxcv /.,m zxcv /.,m zxcv /.,m zxcv /.,m zxcv /.,m zxcv /.,m zxcv /.,m zxcv /.,m zxcv /.,m zxcv /.,m zxcv /.,m zxcv /.,m zxcv /.,m zxcv /.,m zxcv /.,m zxcv /.,m zxcv /.,m zxcv /.,m zxcv /.,m zxcv /.,m zxcv /.,m zxcv /.,m zxcv /.,m zxcv /.,m zxcv /.,m zxcv /.,m zxcv /.,m zxcv /.,m zxcv /.,m zxcv /.,m zxcv /.,m zxcv /.,m z [rest of string was truncated]";.
</summary>
</member><member name="P:typingvidha.My.Resources.Resources.nshift">
	<summary>
  Looks up a localized string similar to XZCVB ?&gt;&lt;MN ZXCVB ?&gt;&lt;MN ZXCVB ?&gt;&lt;MN ZXCVB ?&gt;&lt;MN ZXCVB ?&gt;&lt;MN ZXCVB ?&gt;&lt;MN ZXCVB ?&gt;&lt;MN ZXCVB ?&gt;&lt;MN ZXCVB ?&gt;&lt;MN ZXCVB ?&gt;&lt;MN ZXCVB ?&gt;&lt;MN ZXCVB ?&gt;&lt;MN ZXCVB ?&gt;&lt;MN ZXCVB ?&gt;&lt;MN ZXCVB ?&gt;&lt;MN ZXCVB ?&gt;&lt;MN ZXCVB ?&gt;&lt;MN ZXCVB ?&gt;&lt;MN ZXCVB ?&gt;&lt;MN ZXCVB ?&gt;&lt;MN ZXCVB ?&gt;&lt;MN ZXCVB ?&gt;&lt;MN ZXCVB ?&gt;&lt;MN ZXCVB ?&gt;&lt;MN ZXCVB ?&gt;&lt;MN ZXCVB ?&gt;&lt;MN ZXCVB ?&gt;&lt;MN ZXCVB ?&gt;&lt;MN ZXCVB ?&gt;&lt;MN ZXCVB ?&gt;&lt;MN ZXCVB ?&gt;&lt;MN ZXCVB ?&gt;&lt;MN ZXCVB ?&gt;&lt;MN ZXCVB ?&gt;&lt;MN ZXCVB ?&gt;&lt;MN ZXCVB ?&gt;&lt;MN ZXCVB ?&gt;&lt;MN ZXCVB ?&gt;&lt;MN ZXCVB ?&gt;&lt;MN ZXCVB ?&gt;&lt;MN ZXCVB ?&gt;&lt;MN ZXCVB ?&gt;&lt;MN ZXCVB ?&gt; [rest of string was truncated]";.
</summary>
</member><member name="P:typingvidha.My.Resources.Resources.s1">
	<summary>
  Looks up a localized string similar to lHkh f'k"; fgLlk Hka;dj 'kd 'kgj fLFkj 'kkld gkFkjl D;ksa 'kjhj fdLlk laLdkj dk'k 'kadj LFkk;h Hkjkslk gfFk;kj jLlh dkL; L;kgh dDdh Fkk: Fkh djHkj lHkh f'k"; fgLlk Hka;dj 'kd 'kgj fLFkj 'kkld gkFkjl D;ksa 'kjhj fdLlk laLdkj dk'k 'kadj LFkk;h Hkjkslk gfFk;kj jLlh dkL; L;kgh dDdh Fkk: Fkh djHkj lHkh f'k"; fgLlk Hka;dj 'kd 'kgj fLFkj 'kkld gkFkjl D;ksa 'kjhj fdLlk laLdkj dk'k 'kadj LFkk;h Hkjkslk gfFk;kj jLlh dkL; L;kgh dDdh Fkk: Fkh djHkj lHkh f'k"; fgLlk Hka;dj 'kd 'kgj fLFkj 'kkld gkFkjl D;ksa 'kjhj fdLlk l [rest of string was truncated]";.
</summary>
</member><member name="P:typingvidha.My.Resources.Resources.s10">
	<summary>
  Looks up a localized string similar to d{kk {kek i{kh oRl eEeh dPpk yYyk esEuk pPpk twYe lR; E;ku lR;k owyu okWeu 'kjhd E;k;Ww E;kuh I;kl I;klh Iyklh IykWoj iw[rk dSEil i[rwu irywu lIrkg O;ogkj O;ogkjh lkIrkfgd lkgfld okeuth lSEiwd dSEiywe gEehj gEekfj'k d{kk {kek i{kh oRl eEeh dPpk yYyk esEuk pPpk twYe lR; E;ku lR;k owyu okWeu 'kjhd E;k;Ww E;kuh I;kl I;klh Iyklh IykWoj iw[rk dSEil i[rwu irywu lIrkg O;ogkj O;ogkjh lkIrkfgd lkgfld okeuth lSEiwd dSEiywe gEehj gEekfj'k d{kk {kek i{kh oRl eEeh dPpk yYyk esEuk pPpk twYe lR; E;ku lR;k owyu okWeu 'kjhd [rest of string was truncated]";.
</summary>
</member><member name="P:typingvidha.My.Resources.Resources.s2">
	<summary>
  Looks up a localized string similar to dg lkjk ljdkj ;g ;gh jkgh fdjk;k lgdkjh dg lgh fgalk gksf'k;kj 'kkdkgkjh gkj ghjk fgald ljdkjh flj dkd gkl fdfgal dgkj lgk; 'kadj jkksfd;s dkj lkfjdk lksgj gd lkjk ljdkjk ;g ;fg jkfg fdjk;k lgdkjh dg lfg fgalk gksf'k;kj 'kkdkgkjh gkj ghjk fgald ljdkjh flj dkd gkl fdafgl dgkj lgk; 'kadj jksfd;s dkj lkfjdk lksgj gd lkjk ljdkj ;g ;gh jkgh fdjk;k lgdkjh dg dg lkjk ljdkj ;g ;gh jkgh fdjk;k lgdkjh dg lgh fgalk gksf'k;kj 'kkdkgkjh gkj ghjk fgald ljdkjh flj dkd gkl fdfgal dgkj lgk; 'kadj jkksfd;s dkj lkfjdk lksgj g [rest of string was truncated]";.
</summary>
</member><member name="P:typingvidha.My.Resources.Resources.s3">
	<summary>
  Looks up a localized string similar to iou peu ifjokj pyu ijLij riu tyu [kk| egktu thou eqyk;e [;kfr okLro rS;kj [;ky opu egkiq:"k osru efLr"d igys euekuk iqjkuk esgur esgurkuk iou peu ifjokj pyu ijLij riu tyu [kk| egktu thou eqyk;e [;kfr okLro rS;kj [;ky opu egkiq:"k osru efLr"d igys euekuk iqjkuk esgur esgurkuk iou peu ifjokj pyu ijLij riu tyu [kk| egktu thou eqyk;e [;kfr okLro rS;kj [;ky opu egkiq:"k osru efLr"d igys euekuk iqjkuk esgur esgurkuk iou peu ifjokj pyu ijLij riu tyu [kk| egktu thou eqyk;e [;kfr okLro rS;kj [;ky opu egkiq:"k osru e [rest of string was truncated]";.
</summary>
</member><member name="P:typingvidha.My.Resources.Resources.s4">
	<summary>
  Looks up a localized string similar to ikWp egRoghu ijUrq lR;kfir ijEijk egkRek O;kikjh LFkkiuk {kerk Tokykeq[kh Qjojh lkIrkfgd O;kikj ewY;oku O;k[;ku O;ogkj i[rqu iw[rk E;ku ikWp egRoghu ijUrq lR;kfir ijEijk egkRek O;kikjh LFkkiuk {kerk Tokykeq[kh Qjojh lkIrkfgd O;kikj ewY;oku O;k[;ku O;ogkj i[rqu iw[rk E;ku ikWp egRoghu ijUrq lR;kfir ijEijk egkRek O;kikjh LFkkiuk {kerk Tokykeq[kh Qjojh lkIrkfgd O;kikj ewY;oku O;k[;ku O;ogkj i[rqu iw[rk E;ku ikWp egRoghu ijUrq lR;kfir ijEijk egkRek O;kikjh LFkkiuk {kerk Tokykeq[kh Qjojh lkIrkfgd O;kikj ewY;oku  [rest of string was truncated]";.
</summary>
</member><member name="P:typingvidha.My.Resources.Resources.s5">
	<summary>
  Looks up a localized string similar to ,d vf/kdrj vf/kd vk'oklu ns[kHkky vkthfodk mnkgj.k vijk/k vkt vkjfEHkd izR;sd vkfo"dkj nwjHkk"k vkS|kSfxd vk/kqfud chp dY;k.k mRifRr vkjEHk ,d vf/kdrj vf/kd vk'oklu ns[kHkky vkthfodk mnkgj.k vijk/k vkt vkjfEHkd izR;sd vkfo"dkj nwjHkk"k vkS|kSfxd vk/kqfud chp dY;k.k mRifRr vkjEHk ,d vf/kdrj vf/kd vk'oklu ns[kHkky vkthfodk mnkgj.k vijk/k vkt vkjfEHkd izR;sd vkfo"dkj nwjHkk"k vkS|kSfxd vk/kqfud chp dY;k.k mRifRr vkjEHk ,d vf/kdrj vf/kd vk'oklu ns[kHkky vkthfodk mnkgj.k vijk/k vkt vkjfEHkd izR;sd vkfo"dkj nwjHk [rest of string was truncated]";.
</summary>
</member><member name="P:typingvidha.My.Resources.Resources.s6">
	<summary>
  Looks up a localized string similar to Bhd ?kfV;k vfuok;Z vk'khokZn NksVk fMCck &gt;xM+k NqvkNwr &lt;ax bZ'oj vk'p;Z VsfyQksu &gt;aMk bZa/ku nqjn'khZ Bhd ?kfV;k vfuok;Z vk'khokZn NksVk fMCck &gt;xM+k NqvkNwr &lt;ax bZ'oj vk'p;Z VsfyQksu &gt;aMk bZa/ku nqjn'khZ Bhd ?kfV;k vfuok;Z vk'khokZn NksVk fMCck &gt;xM+k NqvkNwr &lt;ax bZ'oj vk'p;Z VsfyQksu &gt;aMk bZa/ku nqjn'khZ Bhd ?kfV;k vfuok;Z vk'khokZn NksVk fMCck &gt;xM+k NqvkNwr &lt;ax bZ'oj vk'p;Z VsfyQksu &gt;aMk bZa/ku nqjn'khZ Bhd ?kfV;k vfuok;Z vk'khokZn NksVk fMCck &gt;xM+k NqvkNwr &lt;ax bZ'oj vk'p;Z VsfyQksu &gt;aMk bZa/ku nqjn'khZ Bh [rest of string was truncated]";.
</summary>
</member><member name="P:typingvidha.My.Resources.Resources.s7">
	<summary>
  Looks up a localized string similar to 1111 2222 3333 4444 5555 6666 7777 8888 9999 0000 12345 67890 12345 67890 12345 67890 12345 67890 1845 1954 2011 2012 1766 1947 1983 2008 2003 2000 1111 2222 3333 4444 5555 6666 7777 8888 9999 0000 12345 67890 12345 67890 12345 67890 12345 67890 1845 1954 2011 2012 1766 1947 1983 2008 2003 2000 1111 2222 3333 4444 5555 6666 7777 8888 9999 0000 12345 67890 12345 67890 12345 67890 12345 67890 1845 1954 2011 2012 1766 1947 1983 2008 2003 2000 1111 2222 3333 4444 5555 6666 7777 8888 9999 0000 12345 67890 12345  [rest of string was truncated]";.
</summary>
</member><member name="P:typingvidha.My.Resources.Resources.s8">
	<summary>
  Looks up a localized string similar to xzg vc czt /ku /kzqo vxz /;ku bdkbZ mn; ey; ,sud mcy czksdsu dzkdjh ,dkxz xzg.k m/kj b/kj ,dkxzrk dzekxr mdlkuk vcrd vf/kdkj v/;k; vf/kHkkj v/;kns'k dczxkg jkek;.k ukjk;.k /;krO; vcjkj vtxj cjxn Jo.kh; je.kh; vuqdj.k vuqdze midze vEcjh"k ,dk,d /kuoku /kughuxzg vc czt /ku /kzqo vxz /;ku bdkbZ mn; ey; ,sud mcy czksdsu dzkdjh ,dkxz xzg.k m/kj b/kj ,dkxzrk dzekxr mdlkuk vcrd vf/kdkj v/;k; vf/kHkkj v/;kns'k dczxkg jkek;.k ukjk;.k /;krO; vcjkj vtxj cjxnJo.kh; je.kh; vuqdj.k vuqdze midze vEcjh"k ,dk,d /kuoku /kugh [rest of string was truncated]";.
</summary>
</member><member name="P:typingvidha.My.Resources.Resources.s9">
	<summary>
  Looks up a localized string similar to gkL; L;kg 'kL; jLlh Jhlj dDdk dDdh gqDdk gfFk;k fdLlk L;kgh fdLls :fd;s Hkfj;s Hkksjgs Js;l Kkld dGsgh dGs'kh dGsg fdlds djHkj J Hkh Fkh dS : fG Js; jFk ;Fkk dFkk jFkh dks"k gkFk Kkl Fkkg Fkk: ;K :l dkL; Hkk"; gkL; L;kg 'kL; jLlh Jhlj dDdk dDdh gqDdk gfFk;k fdLlk L;kgh fdLls :fd;s Hkfj;s Hkksjgs Js;l Kkld dGsgh dGs'kh dGsg fdlds djHkj J Hkh Fkh dS : fG Js; jFk ;Fkk dFkk jFkh dks"k gkFk Kkl Fkkg Fkk: ;K :l dkL; Hkk"; gkL; L;kg 'kL; jLlh Jhlj dDdk dDdh gqDdk gfFk;k fdLlk L;kgh fdLls :fd;s Hkfj;s Hkksjgs Js;l  [rest of string was truncated]";.
</summary>
</member><member name="P:typingvidha.My.Resources.Resources.uper_ki_line_11">
	<summary>
  Looks up a localized string similar to ewrt[poiuy q w ert ][poiuy q w ert ][poiuy q w ert ][poiuy q w ert ][poiuy q w ert ][poiuy q w ert ][poiuy q w ert ][poiuy q w ert ][poiuy q w ert ][poiuy q w ert ][poiuy q w ert ][poiuy q w ert ][poiuy q w ert ][poiuy q w ert ][poiuy q w ert ][poiuy q w ert ][poiuy q w ert ][poiuy q w ert ][poiuy q w ert ][poiuy q w ert ][poiuy q w ert ][poiuy q w ert ][poiuy q w ert ][poiuy q w ert ][poiuy q w ert ][poiuy q w ert ][poiuy q w ert ][poiuy q w ert ][poiuy q w ert ][poiuy q w ert ][poiuy q w ert ][poiuy q w e [rest of string was truncated]";.
</summary>
</member><member name="P:typingvidha.My.Resources.Resources.uper_ki_line_k_8_aksher">
	<summary>
  Looks up a localized string similar to erq wpoiu q w er poiu q w er poiu q w er poiu q w er poiu q w er poiu q w er poiu q w er poiu q w er poiu q w er poiu q w er poiu q w er poiu q w er poiu q w er poiu q w er poiu q w er poiu q w er poiu q w er poiu q w er poiu q w er poiu q w er poiu q w er poiu q w er poiu q w er poiu q w er poiu q w er poiu q w er poiu q w er poiu q w er poiu q w er poiu q w er poiu q w er poiu q w er poiu q w er poiu q w er poiu q w er poiu q w er poiu q w er poiu q w er poiu q w er poiu q w er poiu q w er poiu q w er poi [rest of string was truncated]";.
</summary>
</member><member name="P:typingvidha.My.Resources.Resources.ushift">
	<summary>
  Looks up a localized string similar to Q WERT }{POIUY Q WERT }{POIUY Q WERT }{POIUY Q WERT }{POIUY Q WERT }{POIUY Q WERT }{POIUY Q WERT }{POIUY Q WERT }{POIUY Q WERT }{POIUY Q WERT }{POIUY Q WERT }{POIUY Q WERT }{POIUY Q WERT }{POIUY Q WERT }{POIUY Q WERT }{POIUY Q WERT }{POIUY Q WERT }{POIUY Q WERT }{POIUY Q WERT }{POIUY Q WERT }{POIUY Q WERT }{POIUY Q WERT }{POIUY Q WERT }{POIUY Q WERT }{POIUY Q WERT }{POIUY Q WERT }{POIUY Q WERT }{POIUY Q WERT }{POIUY Q WERT }{POIUY Q WERT }{POIUY Q WERT }{POIUY Q WERT }{POIUY Q WERT }{POIUY Q WERT }{POIUY Q  [rest of string was truncated]";.
</summary>
</member><member name="P:typingvidha.My.Resources.Resources.v1">
	<summary>
  Looks up a localized string similar to [kq [kw {kq {kw dq dw gq gw jq jw lq lw 'kq 'kw ;q ;w xq xw cq cw Vq Vw Bq Bw nq nw Nq Nw &gt;q &gt;w &lt;q &lt;W &lt;w Mq Mw .kq .kw /kq /kw ?kq ?kw [kq [kw {kq {kw dq dw gq gw jq jw lq lw 'kq 'kw ;q ;w xq xw cq cw Vq Vw Bq Bw nq nw Nq Nw &gt;q &gt;w &lt;q &lt;W &lt;w Mq Mw .kq .kw /kq /kw ?kq ?kw [kq [kw {kq {kw dq dw gq gw jq jw lq lw 'kq 'kw ;q ;w xq xw cq cw Vq Vw Bq Bw nq nw Nq Nw &gt;q &gt;w &lt;q &lt;W &lt;w Mq Mw .kq .kw /kq /kw ?kq ?kw [kq [kw {kq {kw dq dw gq gw jq jw lq lw 'kq 'kw ;q ;w xq xw cq cw Vq Vw Bq Bw nq nw Nq Nw &gt;q &gt;w &lt;q &lt;W &lt;w Mq [rest of string was truncated]";.
</summary>
</member><member name="P:typingvidha.My.Resources.Resources.v2">
	<summary>
  Looks up a localized string similar to Mks /kk /kks /kkS f/k /kh f?k ?kk /kh ?kks &lt;k &lt;ks f&lt; &lt;h vk xk xs fx xh xks xkS ck cks fc ch ckS &gt;k &gt;ks &gt;kS f&gt; &gt;h &gt;q &gt;w .k .kk f.k .kh eq ew rq rw tq tw yq yw uq uw iq iw oq ow pq pw Mks /kk /kks /kkS f/k /kh f?k ?kk /kh ?kks &lt;k &lt;ks f&lt; &lt;h vk xk xs fx xh xks xkS ck cks fc ch ckS &gt;k &gt;ks &gt;kS f&gt; &gt;h &gt;q &gt;w .k .kk f.k .kh eq ew rq rw tq tw yq yw uq uw iq iw oq ow pq pw Mks /kk /kks /kkS f/k /kh f?k ?kk /kh ?kks &lt;k &lt;ks f&lt; &lt;h vk xk xs fx xh xks xkS ck cks fc ch ckS &gt;k &gt;ks &gt;kS f&gt; &gt;h &gt;q &gt;w .k .kk f.k .kh eq ew rq rw tq [rest of string was truncated]";.
</summary>
</member><member name="P:typingvidha.My.Resources.Resources.v3">
	<summary>
  Looks up a localized string similar to fd jh fd lh es es es es lh lh lh lh lh lh lh lh fg jh ; eh rks tks yks th rh eh eh eh rh rh th th yh yh yh yh uh uh uh ih ih ih nh ih ih ih ih ih ih ih oh oh oh oh oh oh oh ph ph ph ph ph ph lh lh lh jh jh jh xh xh xhx xh ch ch ch ch xh xh ch v Vh Vh Vh Vh Bh Bh Bh Mh Mh Nh Nh nh nh Nh nh nh nh ;h ;h ;h ;h ;h ;h ;h ;h ;h ;h ;h “h ’kh /kh ?kh ?kh /kh ?kh /kh &gt;h &gt;h &gt;h &gt;h &lt;h &lt;h &lt;h &lt;hj ,h &lt;h &lt;h &lt;h &lt;h &lt;h &lt;h &lt;h , |h |h |h |h |h }h }h {kh {kh [kh [kh [kh [kh [kh =h =h =h =h =h =h =h =h =h =h =h _ M+ “ Hkh “h “h “h [rest of string was truncated]";.
</summary>
</member><member name="P:typingvidha.My.Resources.Resources.v4">
	<summary>
  Looks up a localized string similar to gt Mko p&lt;k &lt;kpk &gt;klk lk&gt;k /kku gy gB Fkkj Hkkj dkj ykj ds js us is os ps [ks ls ;s ns ,s &gt;s /ks ?ks ek eks rk rks tk  tks yk yks uk uks ik iks ok oks pk pks [kk [kks {kk gt Mko p&lt;k &lt;kpk &gt;klk lk&gt;k /kku gy gB Fkkj Hkkj dkj ykj ds js us is os ps [ks ls ;s ns ,s &gt;s /ks ?ks ek eks rk rks tk  tks yk yks uk uks ik iks ok oks pk pks [kk [kks {kk gt Mko p&lt;k &lt;kpk &gt;klk lk&gt;k /kku gy gB Fkkj Hkkj dkj ykj ds js us is os ps [ks ls ;s ns ,s &gt;s /ks ?ks ek eks rk rks tk  tks yk yks uk uks ik iks ok oks pk pks [kk [kks {kk gt [rest of string was truncated]";.
</summary>
</member><member name="P:typingvidha.My.Resources.Resources.v5">
	<summary>
  Looks up a localized string similar to nj fB Bh vc Bx jn jM yB ,e yV ce ,o ex cx cy &gt;.Mk /ku cg xg cd /kik /kou ghy rg rd ?ku lnk rc rV Ve nkl jkl ;ku ;k=k ;k=h Nku Mku eB ge nj fB Bh vc Bx jn jM yB ,e yV ce ,o ex cx cy &gt;.Mk /ku cg xg cd /kik /kou ghy rg rd ?ku lnk rc rV Ve nkl jkl ;ku ;k=k ;k=h Nku Mku eB ge nj fB Bh vc Bx jn jM yB ,e yV ce ,o ex cx cy &gt;.Mk /ku cg xg cd /kik /kou ghy rg rd ?ku lnk rc rV Ve nkl jkl ;ku ;k=k ;k=h Nku Mku eB ge nj fB Bh vc Bx jn jM yB ,e yV ce ,o ex cx cy &gt;.Mk /ku cg xg cd /kik /kou ghy rg rd ?ku lnk rc rV Ve nkl  [rest of string was truncated]";.
</summary>
</member><member name="T:typingvidha.My.Resources.Resources">
	<summary>
  A strongly-typed resource class, for looking up localized strings, etc.
</summary>
</member>
</members>
</doc>